Question,Answer,Unit,Total - Total,Gender - Male,Gender - Female,Age - 18-24,Age - 25-34,Age - 35-44,Age - 45-54,Age - 55-64,Age - 65+,Region - South,Region - West,Region - Mid West,Region - North East,Election 2016 - Donald Trump (Republican),Election 2016 - Hillary Clinton (Democrat),Election 2016 - Other,Election 2016 - Didn't Vote,Election 2020 - Donald J  Trump (Republican),Election 2020 - Joseph R  Biden (Democrat),Election 2020 - Jo Jorgensen (Libertarian),Election 2020 - Howie Hawkins (Green),Election 2020 - Other (Another Third Party/Write-In),Election 2020 - Don’t Know,Election 2020 - Won't Vote
go_outside,safe,pct,0.677575844,0.705404159,0.650298584,0.521454952,0.534324905,0.59293136,0.602019822,0.52038098,0.565839679,0.637380595,0.682166152,0.707284728,0.725056861,0.798393315,0.6136518,0.675403196,0.5604368,0.808457509,0.633403025,0.620634251,0.386569201,0.447128096,0.550226722,0.520901389
go_outside,safe,ct,1355.151688,698.3501177,656.8015698,122.0204587,190.2196663,192.1097606,191.4423035,172.7664853,246.7060999,487.7083339,325.6511133,294.4680944,247.3241459,607.5341193,488.1304292,63.89469579,195.5924433,598.3992428,543.0038806,28.52424,9.558459296,13.43721913,94.1297299,68.09891588
go_outside,unsafe,pct,0.225689162,0.217091497,0.234116575,0.270025342,0.316443767,0.303320973,0.295745853,0.349548052,0.314645887,0.251651771,0.22703469,0.206818753,0.188598894,0.146369515,0.28822397,0.266149796,0.245135767,0.128105401,0.271654648,0.312125251,0.485210662,0.451719805,0.228944181,0.341073023
go_outside,unsafe,ct,451.3783235,214.9205824,236.4577412,63.18593012,112.653981,98.27599518,94.04718122,116.0499532,137.1856069,192.5578959,108.3813664,86.10609233,64.33296887,111.379282,229.2682758,25.17838288,85.5523828,94.82028901,232.8841551,14.34522113,11.99750613,13.57521043,39.16649812,44.58944359
go_outside,dont_know,pct,0.096734994,0.077504343,0.115584841,0.208519706,0.149231328,0.103747667,0.102234325,0.130070968,0.119514434,0.110967634,0.090799158,0.085896519,0.086344244,0.055237171,0.09812423,0.058447007,0.194427432,0.06343709,0.094942327,0.067240498,0.128220137,0.101152099,0.220829097,0.138025588
go_outside,dont_know,ct,193.4699889,76.7292999,116.740689,48.7936112,53.12635271,33.61424426,32.51051529,43.18356153,52.10829317,84.90977016,43.34552024,35.76181328,29.45288521,42.03249863,78.05309501,5.529221324,67.85517394,46.954486,81.39217839,3.090361333,3.170420611,3.03985129,37.77821478,18.04447649
go_dining_in,safe,pct,0.288809579,0.305906322,0.272051385,0.365512556,0.375823908,0.332931465,0.278344222,0.225394392,0.199728698,0.276344015,0.250195147,0.33908537,0.30944928,0.432093648,0.17197507,0.263316286,0.249601898,0.463168156,0.148489116,0.472714764,0.348984271,0.159826929,0.213403898,0.274079709
go_dining_in,safe,ct,577.6191571,302.8472587,274.7718984,85.5299381,133.7933113,107.8697945,88.51346261,74.83093817,87.08171243,211.4518078,119.4376587,141.1734465,105.5562441,328.7998896,136.7978789,24.91032629,87.11106235,342.8250353,127.2967809,21.72588665,8.629119805,4.803163769,36.50795299,35.8312177
go_dining_in,unsafe,pct,0.616106523,0.608797251,0.623271057,0.523691739,0.521815866,0.566945957,0.660618962,0.664397309,0.709989689,0.612230942,0.695805768,0.55338361,0.589817767,0.496534637,0.735801172,0.647299299,0.595549228,0.460147312,0.766305285,0.434426273,0.522795592,0.778013359,0.605514248,0.572339103
go_dining_in,unsafe,ct,1232.213046,602.7092787,629.5037674,122.5438669,185.7664483,183.6904901,210.0768299,220.5799066,309.5555044,468.4644234,332.1623658,230.3935185,201.1927384,377.8359961,585.294367,61.23600245,207.8466805,340.5890846,656.9383588,19.96615439,12.92684562,23.38107597,103.5880127,74.82351402
go_dining_in,dont_know,pct,0.095083898,0.085296427,0.104677559,0.110795705,0.102360226,0.100122578,0.061036816,0.110208299,0.090281613,0.111425043,0.053999086,0.107531021,0.100732953,0.071371716,0.092223758,0.089384415,0.154848874,0.076684532,0.085205599,0.092858962,0.128220137,0.062159712,0.181081853,0.153581188
go_dining_in,dont_know,ct,190.1677968,84.44346262,105.7243342,25.92619505,36.44024049,32.43971536,19.40970751,36.58915522,39.36278319,85.25976879,25.77797545,44.76903502,34.36101756,54.31001431,73.35955415,8.455971262,54.0422571,56.75989792,73.04507435,4.267781427,3.170420611,1.868041112,30.97847716,20.07810425
go_dining_out,safe,pct,0.401198039,0.426800562,0.376102496,0.415345023,0.438642265,0.454246519,0.400018739,0.345281928,0.367048772,0.366866678,0.368390979,0.460288349,0.452001235,0.518947158,0.314203191,0.373262865,0.350316176,0.564854111,0.294309611,0.407746719,0.342296984,0.291771566,0.329302292,0.303616092
go_dining_out,safe,ct,802.3960775,422.5325568,379.8635207,97.19073544,156.1566464,147.1758722,127.205959,114.6336,160.0332645,280.7175771,175.8617489,191.6346102,154.1821413,394.8907125,249.9334939,35.31152554,122.2603456,418.090337,252.3058064,18.7399668,8.463767372,8.768401045,56.33520617,39.6925928
go_dining_out,unsafe,pct,0.479896612,0.467707368,0.491844484,0.397195158,0.431337542,0.438392336,0.497733425,0.53613174,0.538943368,0.503179839,0.532428515,0.425233956,0.420867824,0.401092393,0.574592717,0.449081339,0.444236884,0.359367788,0.581986881,0.412074145,0.541410235,0.633191871,0.44414648,0.516593566
go_dining_out,unsafe,ct,959.7932239,463.0302946,496.7629293,92.94366704,153.5561649,142.0391168,158.2792293,177.9957376,234.9793084,385.0211367,254.1696594,177.0402042,143.5622236,305.2096123,457.0608114,42.4841276,155.0386727,265.9946993,498.9258381,18.93885456,13.38711848,19.02885994,75.98211167,67.53574187
go_dining_out,dont_know,pct,0.118905349,0.105492069,0.13205302,0.187459818,0.130020193,0.107361145,0.102247836,0.118586333,0.09400786,0.129953483,0.099180506,0.114477695,0.127130941,0.079960448,0.111204091,0.177655796,0.205446939,0.075778101,0.123703508,0.180179136,0.116292781,0.075036563,0.226551227,0.179790342
go_dining_out,dont_know,ct,237.8106985,104.4371486,133.37355,43.86559752,46.28718872,34.78501104,32.51481172,39.37066245,40.98742708,99.43728617,47.34659164,47.66118555,43.36563517,60.84557521,88.4574947,16.80664686,71.70098175,56.08898153,106.0485696,8.281001101,2.875500186,2.255019865,38.75712496,23.5045013
go_public_transport,safe,pct,0.193646634,0.215837637,0.171895058,0.267650584,0.296094548,0.254419385,0.1826864,0.128830767,0.082466519,0.187017741,0.173851128,0.169625028,0.265539187,0.247598217,0.157390632,0.160027864,0.167761477,0.257386029,0.154197663,0.258384475,0.186422847,0.172886921,0.120629328,0.170386439
go_public_transport,safe,ct,387.2932688,213.6792602,173.6140086,62.63023669,105.409659,82.43188087,58.09427528,42.77181463,35.95540241,143.1014871,82.99270391,70.62100564,90.5780722,188.4088478,125.1966614,15.13900403,58.54875557,190.5104513,132.1906059,11.87530459,4.609563292,5.195646315,20.63659507,22.27510242
go_public_transport,unsafe,pct,0.697391596,0.68360222,0.710907916,0.577207831,0.572738427,0.641101369,0.682900107,0.779371137,0.853649966,0.694982705,0.737575427,0.705474372,0.636693282,0.66363598,0.757529067,0.669632236,0.64144844,0.635046412,0.763738063,0.621512909,0.654543561,0.625499528,0.676425101,0.694048692
go_public_transport,unsafe,ct,1394.783193,676.7661974,718.0169952,135.0666325,203.8948799,207.7168435,217.1622339,258.7512175,372.1913852,531.7840866,352.1022823,293.7143781,217.1824456,504.9910777,602.5778596,63.34874964,223.8655057,470.0448545,654.7375298,28.56462294,16.18449678,18.79768747,115.7190473,90.73495378
go_public_transport,dont_know,pct,0.108961769,0.100560144,0.117197026,0.155141585,0.131167026,0.104479246,0.134413493,0.091798096,0.063883515,0.117999553,0.088573445,0.1249006,0.09776753,0.088765804,0.085080302,0.1703399,0.190790082,0.107567559,0.082064274,0.120102617,0.159033591,0.201613551,0.202945571,0.135564869
go_public_transport,dont_know,ct,217.9235385,99.5545424,118.3689961,36.3031308,46.69546109,33.85127561,42.7434908,30.47696787,27.85321237,90.29042627,42.28301381,52.00061624,33.34948222,67.54597443,67.67727901,16.11454633,66.58573877,79.61871202,70.35207837,5.519894938,3.932325966,6.05894706,34.71880041,17.72277977
go_shopping,safe,pct,0.521398818,0.547400427,0.495912093,0.491963086,0.449718902,0.537153496,0.55248612,0.546994367,0.541852973,0.495326233,0.485547355,0.565990363,0.575632792,0.648235987,0.433668665,0.522135095,0.444605785,0.68145377,0.424202734,0.532264098,0.250230556,0.390799251,0.427098806,0.453462899
go_shopping,safe,ct,1042.797636,541.9264224,500.8712139,115.119362,160.0999291,174.0377328,175.6905863,181.6021299,236.2478961,379.0117454,231.7896254,235.6421639,196.3541016,493.2725163,344.9625202,49.39518091,155.1674189,504.3943747,363.660611,24.46276346,6.187297325,11.74440886,73.06569022,59.28249079
go_shopping,unsafe,pct,0.377677503,0.370105499,0.385099566,0.378120752,0.414742712,0.369400014,0.363466338,0.367619336,0.371350515,0.394408315,0.417635259,0.332957473,0.338809067,0.292792559,0.464579608,0.376700972,0.364951989,0.250599672,0.473083643,0.344923281,0.630846084,0.509986944,0.379818098,0.401947946
go_shopping,unsafe,ct,755.3550053,366.4044437,388.9505616,88.48025592,147.6484053,119.6856047,115.5822954,122.0496194,161.9088246,301.7917771,199.3698846,138.6221826,115.571161,222.7992972,369.5506855,35.63677838,127.3682442,185.4873663,405.5652471,15.85261278,15.59854379,15.32627089,64.97716957,52.54779487
go_shopping,dont_know,pct,0.100923679,0.082494075,0.118988341,0.129916163,0.135538387,0.093446489,0.084047542,0.085386297,0.086796512,0.110265452,0.096817386,0.101052163,0.085558141,0.058971455,0.101751727,0.101163933,0.190442226,0.067946558,0.102713622,0.12281262,0.11892336,0.099213804,0.193083096,0.144589155
go_shopping,dont_know,ct,201.8473584,81.66913384,120.1782246,30.40038204,48.25166561,30.27666248,26.72711832,28.34825066,37.8432793,84.37247759,46.21848999,42.07165348,29.18473735,44.87408654,80.93859434,9.570340713,66.46433682,50.2922768,88.05435604,5.644446225,2.940544918,2.981601106,33.03158301,18.90255031
go_barber_salon,safe,pct,0.407082788,0.417872139,0.396507088,0.366822377,0.38664209,0.390255957,0.395064984,0.392976152,0.477391923,0.380062793,0.340458169,0.46048702,0.495752352,0.548232834,0.317661036,0.329300811,0.324221754,0.567436505,0.307211258,0.352960736,0.160742266,0.141567462,0.37820034,0.318560056
go_barber_salon,safe,ct,814.1655763,413.6934173,400.472159,85.83643616,137.6445841,126.4429302,125.6306648,130.4680824,208.1428786,290.8149279,162.5272396,191.717324,169.1060849,417.175527,252.6840431,31.15261407,113.1533922,420.0017579,263.3661332,16.22201277,3.974575328,4.254425124,64.7004125,41.64625953
go_barber_salon,unsafe,pct,0.483669752,0.476743589,0.490458764,0.469561292,0.466764815,0.499199845,0.519083621,0.509189993,0.448241903,0.479155517,0.580199562,0.44747094,0.402885977,0.372624467,0.582457081,0.506101951,0.494548719,0.345444204,0.599358602,0.540090089,0.675305582,0.651224935,0.42853454,0.485187948
go_barber_salon,unsafe,ct,967.339505,471.9761532,495.3633518,109.8773424,166.1682741,161.7407498,165.0685914,169.0510778,195.4334695,366.6383017,276.9745063,186.2982615,137.4284355,283.5470603,463.3165332,47.87840856,172.5975029,255.6888245,513.8182707,24.82244463,16.69786651,19.57079464,73.31130765,63.42999637
go_barber_salon,dont_know,pct,0.109247459,0.105384272,0.113034148,0.163616331,0.146593095,0.110544198,0.085851396,0.097833855,0.074366174,0.14078169,0.07934227,0.09204204,0.101361671,0.079142699,0.099881883,0.164597239,0.181229527,0.087119291,0.09343014,0.106949174,0.163952152,0.207207603,0.19326512,0.196251996
go_barber_salon,dont_know,ct,218.4949187,104.3304295,114.1644892,38.28622148,52.18714179,35.81632,27.30074379,32.48083978,32.42365191,107.7227704,37.87625412,38.32041458,34.5754796,60.2233127,79.45122371,15.57127738,63.24910495,64.48343547,80.0958102,4.915365072,4.053944197,6.22706108,33.06272265,25.65658007
go_friend_handshake,safe,pct,0.280277563,0.292963889,0.267842452,0.391999112,0.34954332,0.360298875,0.257240437,0.223365403,0.164434183,0.262154485,0.260926185,0.287768622,0.338870011,0.397517361,0.178601242,0.251871971,0.264096201,0.408227651,0.179974539,0.372781196,0.309995476,0.171451413,0.229680567,0.266681342
go_friend_handshake,safe,ct,560.5551266,290.0342502,270.5208764,91.72779231,124.4374219,116.7368355,81.80245894,74.15731394,71.69330398,200.5943201,124.5604203,119.8084368,115.5919493,302.4892058,142.068679,23.82766778,92.169574,302.1595004,154.2886116,17.13295757,7.665067798,5.152506026,39.29247508,34.86400814
go_friend_handshake,unsafe,pct,0.603361566,0.585089076,0.621272225,0.442606687,0.501114228,0.530141345,0.667078208,0.66668467,0.732845243,0.591415493,0.650015763,0.605436145,0.562335032,0.496858226,0.739115546,0.571528438,0.534791421,0.486784112,0.741663776,0.461613695,0.530970933,0.707279482,0.497056967,0.535219162
go_friend_handshake,unsafe,ct,1206.723132,579.2381854,627.4849468,103.5699648,178.3966651,171.7657958,212.1308701,221.3393103,319.5205261,452.5369415,310.3032248,252.0648629,191.8181029,378.0822302,587.9307914,54.06790474,186.6422059,360.3049519,635.8136804,21.21568347,13.12899227,21.25536164,85.0337436,69.9707189
go_friend_handshake,dont_know,pct,0.116360871,0.121947035,0.110885324,0.1653942,0.149342452,0.10955978,0.075681355,0.109949927,0.102720573,0.146430022,0.089058052,0.106795233,0.098794957,0.105624413,0.082283213,0.176599591,0.201112379,0.104988237,0.078361685,0.165605109,0.159033591,0.121269104,0.273262466,0.198099496
go_friend_handshake,dont_know,ct,232.7217412,120.7275644,111.9941768,38.70224291,53.16591293,35.49736865,24.066671,36.50337575,44.78616996,112.0447384,42.51435482,44.46270021,33.69994779,80.37446396,65.45232961,16.70672748,70.18822015,77.70956542,67.17792214,7.61118143,3.932325966,3.64441318,46.74822413,25.89810894
go_gym,safe,pct,0.203992212,0.220148479,0.188155871,0.290827377,0.283666958,0.257560487,0.198889118,0.121285105,0.119225662,0.185720783,0.176307359,0.225783306,0.257126339,0.303587927,0.12353105,0.231651596,0.1627297,0.325326405,0.105340373,0.27196222,0.263300438,0.177631221,0.191389322,0.151378992
go_gym,safe,ct,407.9844238,217.9469943,190.0374295,68.0536061,100.9854371,83.44959783,63.24673942,40.2666547,51.9823886,142.1090856,84.16525449,94.00171828,87.70836544,231.0139884,98.2629962,21.91477383,56.79266534,240.7981524,90.3062179,12.49933535,6.510468263,5.338223327,32.74182155,19.79020497
go_gym,unsafe,pct,0.685791977,0.669448837,0.701811491,0.555801099,0.592568527,0.619085541,0.717432865,0.755736255,0.804908942,0.700223693,0.735623661,0.64824455,0.629508063,0.590539657,0.802641751,0.643112487,0.638717702,0.55632041,0.824929476,0.637888821,0.617776202,0.723297614,0.581383762,0.66414109
go_gym,unsafe,ct,1371.583955,662.7543488,708.829606,130.0574572,210.9543958,200.5837152,228.1436511,250.9044368,350.9402988,535.7943641,351.1705521,269.8875431,214.7314954,449.3687307,638.4628256,60.83992046,222.912478,411.7739128,707.1957178,29.31725697,15.27537285,21.73674304,99.45990307,86.8250482
go_gym,dont_know,pct,0.110215811,0.110402684,0.110032638,0.153371524,0.123764514,0.123353972,0.083678017,0.12297864,0.075865396,0.114055525,0.08806898,0.125972144,0.113365598,0.105872416,0.073827199,0.125235916,0.198552598,0.118353185,0.069730151,0.090148959,0.11892336,0.099071165,0.227226917,0.184479918
go_gym,dont_know,ct,220.4316215,109.2986569,111.1329646,35.88893669,44.06016711,39.96668698,26.6096095,40.82890853,33.07731264,87.2725503,42.04219344,52.44673858,38.67013915,80.56318085,58.72597824,11.84760572,69.29485666,87.60195259,59.77827836,4.14323014,2.940544918,2.977314481,38.87271818,24.1175828
go_friends_house,safe,pct,0.447250394,0.459020954,0.435712914,0.480290106,0.48546627,0.508340875,0.397444231,0.416563865,0.412610087,0.407364388,0.404201827,0.524588641,0.502574354,0.587478836,0.335169469,0.440732176,0.39872705,0.620329706,0.32869042,0.534508318,0.297808537,0.279585793,0.409150097,0.330767022
go_friends_house,safe,ct,894.5007872,454.4307445,440.0700427,112.3878849,172.8259921,164.7024435,126.3872655,138.2992032,179.897998,311.7054531,192.95706,218.4051363,171.4331378,447.0396117,266.6111576,41.69427756,139.1557403,459.1519309,281.7797937,24.56590741,7.363728862,8.402190782,69.99512485,43.24211077
go_friends_house,unsafe,pct,0.425482367,0.424932742,0.426021109,0.383432228,0.366304669,0.356999458,0.495070717,0.454414327,0.474475371,0.42999133,0.496751924,0.371864832,0.381069251,0.320662913,0.536395469,0.450480123,0.394453894,0.286237794,0.555217269,0.300060641,0.46556799,0.689714536,0.335449113,0.45669754
go_friends_house,unsafe,ct,850.9647346,420.6834142,430.2813205,89.72314145,130.4044622,115.6678245,157.4324881,150.8655564,206.8712619,329.0190459,237.1384398,154.8207167,129.9865322,244.0071287,426.6767412,42.61645578,137.664409,211.8657778,475.9767796,13.7907338,11.51181384,20.72749493,57.38677009,59.70536462
go_friends_house,dont_know,pct,0.127267239,0.116046304,0.138265977,0.136277665,0.148229061,0.134659667,0.107485051,0.129021808,0.112914542,0.162644282,0.099046249,0.103546527,0.116356395,0.091858251,0.128435062,0.1087877,0.206819057,0.0934325,0.116092311,0.165431041,0.236623473,0.030699671,0.25540079,0.212535438
go_friends_house,dont_know,ct,254.5344781,114.8858413,139.6486368,31.88897364,52.76954573,43.62973201,34.18024634,42.83524031,49.2307401,124.451501,47.28250021,43.11014696,39.69032995,69.89915953,102.1639012,10.29156667,72.17985075,69.15630917,99.52364081,7.603181261,5.850843329,0.922595139,43.69254786,27.78536057
go_sporting_event,safe,pct,0.168631241,0.189262053,0.14840896,0.205410508,0.263501981,0.259282114,0.150664849,0.103876153,0.066477083,0.165525348,0.147810816,0.173868479,0.198343992,0.268809107,0.100899875,0.193474805,0.097848553,0.276035708,0.086534515,0.334167778,0.269885245,0.132680364,0.110994372,0.105225814
go_sporting_event,safe,ct,337.2624818,187.3694322,149.8930496,48.0660589,93.80670508,84.00740498,47.91142196,34.48688264,28.98400827,126.6560237,70.56163178,72.38770719,67.6571192,204.5491881,80.26098706,18.30316155,34.14914512,204.314459,74.18432734,15.35829177,6.673286751,3.987347569,18.98830027,13.75646914
go_sporting_event,unsafe,pct,0.730068617,0.719528243,0.740400271,0.654071932,0.598688621,0.627874669,0.778822121,0.802362346,0.863463594,0.714853453,0.785293917,0.729464419,0.687649705,0.653375645,0.829818033,0.681884127,0.682996164,0.62804056,0.848499243,0.561559849,0.566162603,0.746050531,0.684990489,0.676670737
go_sporting_event,unsafe,ct,1460.137234,712.3329607,747.8042738,153.0528321,213.133149,203.4313928,247.6654346,266.3842988,376.4701271,546.9887057,374.8820396,303.7022983,234.564191,497.1835183,660.0802482,64.50780676,238.3656612,464.8593048,727.4016128,25.80919097,13.99915509,22.4205201,117.1843662,88.46308449
go_sporting_event,dont_know,pct,0.101300142,0.091209704,0.111190769,0.14051756,0.137809399,0.112843217,0.07051303,0.093761502,0.070059323,0.119621199,0.066895267,0.096667102,0.114006302,0.077815248,0.069282092,0.124641068,0.219155283,0.095923732,0.064966242,0.104272372,0.163952152,0.121269104,0.20401514,0.218103448
go_sporting_event,dont_know,ct,202.6002837,90.29760705,112.3026766,32.88110896,49.06014592,36.56120217,22.42314346,31.12881854,30.54586464,91.53127065,31.93432865,40.24599455,38.88868984,59.21319357,55.11056472,11.79133169,76.48519371,71.00025399,55.6942739,4.792339723,4.053944197,3.64441318,34.90177637,28.51328233
go_movie_theater,safe,pct,0.178818348,0.198432992,0.159609296,0.263998256,0.257567201,0.251114344,0.163614791,0.120927088,0.070028862,0.178966322,0.147143141,0.211244355,0.183238736,0.286403327,0.086347651,0.177822028,0.155216648,0.301712618,0.07666954,0.237408089,0.180478345,0.216120821,0.136269242,0.179888934
go_movie_theater,safe,ct,357.4784843,196.2730954,161.2053889,61.77559201,91.69392347,81.36104745,52.0295036,40.14779313,30.47062462,136.7823909,70.24289822,87.9486299,62.50456529,217.9374376,68.68539439,16.82237281,54.03327949,223.0528953,65.72727932,10.91123363,4.462577227,6.49492361,23.3121847,23.51739045
go_movie_theater,unsafe,pct,0.722545513,0.712098785,0.732776223,0.584412977,0.603664347,0.675367751,0.748018022,0.788219021,0.860500784,0.702067675,0.796643574,0.68671743,0.708458467,0.645660094,0.833321227,0.705487009,0.642120066,0.622163975,0.855850395,0.640434745,0.620377833,0.613725668,0.618075067,0.625966065
go_movie_theater,unsafe,ct,1444.451741,704.3477553,740.1039856,136.7526366,214.9045075,218.8191514,237.8697311,261.6887151,374.4169992,536.5841688,380.3001162,285.905188,241.6622678,491.3124012,662.8668696,66.74069363,223.5317764,459.9591392,733.7036099,29.43426716,15.33970179,18.44385615,105.7368478,81.83431891
go_movie_theater,dont_know,pct,0.098636139,0.089468223,0.107614481,0.151588767,0.138768452,0.073517905,0.088367186,0.090853891,0.069470354,0.118966003,0.056213285,0.102038215,0.108302796,0.067936579,0.080331122,0.116690964,0.202663286,0.076123407,0.067480065,0.122157166,0.199143822,0.170153511,0.24565569,0.194145001
go_movie_theater,dont_know,ct,197.1850079,88.49438232,108.6906256,35.47177141,49.40156904,23.81980118,28.1007653,30.16349174,30.2276092,90.92467331,26.83498554,42.48218213,36.94316689,51.69606122,63.89953596,11.03923356,70.55017713,56.2772163,57.84932483,5.614321677,4.924107014,5.113501087,42.02541035,25.38112661
go_hospital,safe,pct,0.387972486,0.441931442,0.335082024,0.35592404,0.394527458,0.368283267,0.368557183,0.364963144,0.44613359,0.35131714,0.38939161,0.422643439,0.425894466,0.482623271,0.34601173,0.425200292,0.267146684,0.491870204,0.336983014,0.56945177,0.487600549,0.33078596,0.243460259,0.253703312
go_hospital,safe,ct,775.9449717,437.5121279,338.4328438,83.28622529,140.451775,119.3237785,117.2011841,121.1677638,194.514245,268.8194438,185.8869879,175.9616787,145.2768612,367.2501996,275.2356537,40.22492555,93.23419285,364.0695455,288.8888703,26.17190226,12.05659942,9.940872576,41.64982812,33.1673535
go_hospital,unsafe,pct,0.486031602,0.449387372,0.521950204,0.487167243,0.474183597,0.52374169,0.522961135,0.494372962,0.433786552,0.513911575,0.491930803,0.445838161,0.464292989,0.420830225,0.543333939,0.403422777,0.519981338,0.406743783,0.547283501,0.389575609,0.433586321,0.547944936,0.471631107,0.581719459
go_hospital,unsafe,ct,972.063204,444.8934978,527.1697061,113.997135,168.8093606,169.6923075,166.301641,164.1318235,189.1309365,393.2328034,234.8369427,185.6184765,158.3749815,320.2290346,432.19596,38.16472254,181.4734869,301.06118,469.1753169,17.90482582,10.72102275,16.46699509,80.68402876,76.04983464
go_hospital,dont_know,pct,0.125995912,0.108681186,0.142967772,0.156908717,0.131288945,0.107975043,0.108481682,0.140663894,0.120079859,0.134771285,0.118677588,0.131518401,0.109812545,0.096546503,0.11065433,0.171376932,0.212871978,0.101386013,0.115733485,0.040972621,0.07881313,0.121269104,0.284908635,0.164577229
go_hospital,dont_know,ct,251.9918243,107.5943742,144.3974501,36.71663973,46.73886444,34.98391405,34.49717488,46.70041273,52.35481851,103.1237528,56.6540694,54.75584484,37.4581573,73.46666587,88.02018632,16.21265192,74.29232024,75.04329227,99.21602688,1.883094393,1.948763871,3.64441318,48.74058592,21.51564783
go_travel_neighbor_state,safe,pct,0.32187851,0.365065563,0.279546647,0.338268911,0.335592238,0.356677379,0.325482584,0.295186985,0.293720751,0.329254525,0.280704506,0.323340861,0.361170193,0.469417713,0.209370562,0.395074083,0.236780602,0.484498622,0.216978445,0.366122604,0.310313709,0.243561329,0.268757467,0.163198691
go_travel_neighbor_state,safe,ct,643.7570209,361.4149073,282.3421137,79.15492518,119.4708368,115.5634708,103.5034618,98.00207902,128.0622473,251.9376601,134.0021555,134.6184409,123.1987644,357.2014838,166.54419,37.37491695,82.63643013,358.6132916,186.0113278,16.82692989,7.672936572,7.31957345,45.97753392,21.33542771
go_travel_neighbor_state,unsafe,pct,0.552209127,0.524854144,0.579022427,0.502579152,0.485189798,0.515141909,0.576557722,0.594144071,0.611422015,0.534919544,0.603566713,0.545424628,0.527399602,0.437059846,0.674534136,0.474709613,0.545476624,0.417587129,0.674886855,0.444236748,0.546249259,0.692059216,0.469916125,0.624568061
go_travel_neighbor_state,unsafe,ct,1104.418254,519.6056024,584.8126514,117.6035215,172.7275681,166.9059784,183.3453557,197.2558314,266.5799986,409.3075973,288.1294703,227.079908,179.9012781,332.5788978,536.5593929,44.90862126,190.3713418,309.0871433,578.5671472,20.41704207,13.50677004,20.79795793,80.39063921,81.65155393
go_travel_neighbor_state,dont_know,pct,0.125912363,0.110080293,0.141430926,0.159151937,0.179217964,0.128180712,0.097959694,0.110668944,0.094857234,0.135825931,0.115728781,0.13123451,0.111430206,0.093522441,0.116095302,0.130216303,0.217742774,0.097914249,0.1081347,0.189640648,0.143437032,0.064379455,0.261326408,0.212233247
go_travel_neighbor_state,dont_know,ct,251.8247253,108.9794904,142.845235,37.2415533,63.80159513,41.53055073,31.15118255,36.74208956,41.35775405,103.9307425,55.24637417,54.63765112,38.00995749,71.16551841,92.34821704,12.3187618,75.99222807,72.47358285,92.70173907,8.715850517,3.54667942,1.934749469,44.70626967,27.74585433
go_flight,safe,pct,0.186278346,0.219342192,0.153869231,0.255314751,0.286101836,0.249013388,0.141230346,0.136699937,0.091708304,0.19479799,0.152305814,0.187916601,0.212711603,0.267223977,0.130177702,0.165470369,0.143294378,0.277695602,0.115548528,0.235773334,0.226674046,0.236591249,0.162491349,0.127030076
go_flight,safe,ct,372.5566928,217.1487697,155.4079231,59.74365173,101.8522535,80.68033785,44.91125007,45.38437917,39.98482045,149.0547472,72.70744473,78.23644605,72.55805485,203.34299,103.5500872,15.65387752,50.00973808,205.5430697,99.05746689,10.83610059,5.604829968,7.110106653,27.79811693,16.60700204
go_flight,unsafe,pct,0.709294269,0.691132495,0.727096403,0.592805688,0.570081474,0.632259232,0.777343065,0.776559922,0.841876197,0.690775872,0.756515945,0.693373342,0.704180665,0.643846591,0.786233003,0.70074695,0.678949523,0.619046125,0.819558456,0.617004698,0.574182132,0.593255241,0.628843074,0.68714875
go_flight,unsafe,ct,1418.588537,684.2211701,734.3673673,138.716531,202.9490046,204.8519913,247.1950947,257.8178941,367.0580218,528.5651183,361.1440686,288.6762838,240.2030667,489.9324235,625.4104571,66.29227322,236.9533835,458.2018573,702.5912482,28.35742638,14.19744905,17.82867311,107.5789785,89.83290484
go_flight,dont_know,pct,0.104427385,0.089525313,0.119034366,0.151879561,0.143816691,0.118727379,0.081426589,0.086740141,0.0664155,0.114426138,0.091178242,0.118710057,0.083107732,0.088929432,0.083589296,0.13378268,0.177756099,0.103258273,0.064893016,0.147221968,0.199143822,0.170153511,0.208665577,0.185821174
go_flight,dont_know,ct,208.8547698,88.63006019,120.2247096,35.53981731,51.19874189,38.46767084,25.89365528,28.79772668,28.95715779,87.55613451,43.52648668,49.42327012,28.34887849,67.6704865,66.49125565,12.65614926,62.03687839,76.42909079,55.63149896,6.766295491,4.924107014,5.113501087,35.69734736,24.2929291
go_travel_another_country,safe,pct,0.135322677,0.158157218,0.112940306,0.184389891,0.257301494,0.186583507,0.101783236,0.066858289,0.047893832,0.152591834,0.111240828,0.112562179,0.158066704,0.197107415,0.080171328,0.242221715,0.097335578,0.20070544,0.077199008,0.136325915,0.232723828,0.182581618,0.139387893,0.111330761
go_travel_another_country,safe,ct,270.6453545,156.5756456,114.0697089,43.14723449,91.59933178,60.45305632,32.367069,22.19695205,20.88171083,116.7596094,53.1039241,46.86368745,53.91813347,149.9880794,63.77242684,22.91473133,33.97011689,148.5569522,66.18118187,6.265514874,5.754419209,5.486994062,23.8457061,14.55458617
go_travel_another_country,unsafe,pct,0.753311949,0.731779358,0.774418152,0.61267448,0.603101059,0.682133771,0.80957846,0.845222133,0.893309753,0.725704277,0.811442912,0.765537641,0.718966106,0.695439221,0.842824859,0.623068971,0.710779269,0.678876184,0.85889686,0.669107534,0.481245692,0.727609318,0.642426159,0.714446015
go_travel_another_country,unsafe,ct,1506.623898,724.4615643,782.1623337,143.3658283,214.703977,221.0113417,257.4459504,280.6137483,389.4830524,555.2914956,387.3649945,318.7208794,245.2465284,529.1916242,670.4265513,58.94375772,248.0619647,502.4865129,736.3152843,30.75206349,11.89946676,21.86631958,109.9026972,93.40155372
go_travel_another_country,dont_know,pct,0.111365374,0.110063424,0.112641542,0.202935629,0.139597447,0.131282722,0.088638304,0.087919577,0.058796415,0.121703889,0.07731626,0.121900179,0.12296719,0.107453364,0.077003813,0.134709314,0.191885153,0.120418375,0.063904132,0.19456655,0.28603048,0.089809064,0.218185948,0.174223223
go_travel_another_country,dont_know,ct,222.7307476,108.9627902,113.7679574,47.4869372,49.69669126,42.53560203,28.18698065,29.18929967,25.63523678,93.12489497,36.90908137,50.75143311,41.94533814,81.76619644,61.25282182,12.74381095,66.96791837,89.13055269,54.78374794,8.942244099,7.072500069,2.698967206,37.3260395,22.77669608
go_vote,0 _very_uncomfortable,pct,0.124596981,0.108868218,0.140370313,0.116266811,0.086707203,0.101517427,0.129846929,0.138501186,0.162179583,0.096282904,0.203993013,0.122070236,0.075432203,0.057066773,0.165215383,0.087115086,0.198786128,0.050557373,0.190874647,0.014250286,0.036658461,0.235377798,0.135705375,0
go_vote,0 _very_uncomfortable,ct,232.9050449,101.8958543,131.0091906,24.11827319,28.87503339,31.33777227,37.47872214,44.07857425,67.01666963,67.53744681,93.37332144,48.24002365,23.75425297,41.3007222,126.8488345,8.065046312,56.69044186,37.42125408,163.6330579,0.654940634,0.906431256,7.073639681,23.21572134,0
go_vote,1_uncomfortable,pct,0.12826887,0.124636802,0.13191123,0.154411873,0.077047212,0.103731174,0.134209517,0.166089352,0.141477285,0.12380153,0.163079334,0.130080019,0.085348952,0.074730774,0.17453166,0.199343412,0.116512636,0.076673414,0.161681431,0.246110842,0.415972782,0.26134202,0.087448409,0
go_vote,1_uncomfortable,ct,239.7687868,116.6545534,123.1142334,32.03104723,25.65808548,32.02114159,38.73792937,52.858622,58.46196111,86.84033062,74.64598325,51.40535005,26.87712286,54.08462415,134.0016725,18.45505665,33.22743346,56.7516688,138.6062922,11.31121058,10.2855036,7.853923787,14.96018784,0
go_vote,2_slightly_uncomfortable,pct,0.126074553,0.110198972,0.141995121,0.198889435,0.129832496,0.112593176,0.088276424,0.106342717,0.138162902,0.114639386,0.129618577,0.154159849,0.111150089,0.076357055,0.153100557,0.228338244,0.146287461,0.069719001,0.160941319,0.198607261,0.215775881,0.095977622,0.168016695,0
go_vote,2_slightly_uncomfortable,ct,235.6670223,103.1413809,132.5256414,41.25742908,43.23651928,34.75678424,25.47990614,33.84400866,57.09237492,80.41356379,59.33005663,60.92127788,35.00212401,55.26160663,117.5473304,21.13937552,41.71870976,51.60419291,137.9718083,9.127954452,5.335357727,2.884346458,28.74336251,0
go_vote,3_slightly_comfortable,pct,0.118589292,0.110363383,0.12683851,0.134409736,0.11673429,0.084355095,0.155129566,0.077086923,0.144157064,0.113656937,0.095177791,0.134204623,0.144009313,0.103547584,0.130864228,0.112810441,0.125590574,0.111018829,0.126871031,0.114695686,0,0.111605394,0.129256018,0
go_vote,3_slightly_comfortable,ct,221.6750687,103.2952625,118.3798062,27.88182359,38.87458479,26.03987149,44.77624466,24.53323152,59.56931266,79.72442644,43.56554335,53.0353213,45.34977761,74.94010595,100.474753,10.44390216,35.8163076,82.17325244,108.764025,5.271393343,0,3.353996637,22.11240124,0
go_vote,4_comfortable,pct,0.179776911,0.193444672,0.166070419,0.103845135,0.221245133,0.19488808,0.167403595,0.185657696,0.177300445,0.18550917,0.144242926,0.179464592,0.219050023,0.217449899,0.154832566,0.173313085,0.153426186,0.214408863,0.164222936,0.233092273,0.130980801,0.107209075,0.113358216,0
go_vote,4_comfortable,ct,336.0510758,181.0556881,154.9953877,21.54153284,73.67854529,60.16068839,48.31899259,59.08632812,73.26498854,130.1250286,66.02403144,70.92126989,68.98074585,157.3742031,118.8771298,16.04518939,43.75455351,158.6998696,140.785074,10.71287951,3.238681841,3.221877227,19.3926936,0
go_vote,5_very_comfortable,pct,0.280131071,0.322929336,0.23721153,0.211363404,0.312437808,0.357642251,0.2895956,0.295474263,0.212285063,0.317114029,0.225672089,0.25127184,0.313126185,0.445642991,0.196236952,0.135323281,0.132972894,0.454391142,0.170580596,0.167625187,0.200612075,0.098679028,0.148742033,0
go_vote,5_very_comfortable,ct,523.6398129,302.2476267,221.3921862,43.84501699,104.0473202,110.4018471,83.58821465,94.03590405,87.72150994,222.4389884,103.2964425,99.29823924,98.60614277,322.523538,150.6665311,12.52812319,37.92162063,336.3285173,146.2353698,7.704023856,4.960411614,2.965529852,25.44596049,0
go_vote,dont_know,pct,0.042562323,0.029558617,0.055602877,0.080813607,0.055995858,0.045272797,0.03553837,0.030847862,0.024437657,0.048996044,0.03821627,0.028748842,0.051883234,0.025204924,0.025218655,0.063756451,0.126424121,0.023231378,0.024828039,0.025618465,0,0.089809064,0.217473254,0
go_vote,dont_know,ct,79.56035266,27.66556291,51.89478975,16.76389525,18.64761188,13.97541938,10.25771409,9.817459404,10.09825265,34.36817538,17.4926584,11.36103984,16.33847903,18.24146574,19.36234352,5.902522217,36.05402118,17.19526266,21.28458691,1.177420093,0,2.698967206,37.20411579,0